{
  "airfield": [
    {
      "name": "nội bài",
      "address": "66/99  hà nội",
      "id": 2
    },
    {
      "name": "Tân sân nhất",
      "address": "66/99 tp hồ chí minh",
      "id": 3
    },
    {
      "name": "Đà nẵng",
      "address": "66/99 đà nẳng",
      "id": 4
    }
  ],
  "location": [
    {
      "id": 0,
      "code": "DAD",
      "name": "Đà Nẵng",
      "contry": "Việt Nam",
      "airfield": "Sân bay đà nẳng"
    },
    {
      "id": 1,
      "code": "SGN",
      "name": "TP HCM",
      "contry": "Việt Nam",
      "airfield": "Sân bay tân sân nhất"
    },
    {
      "id": 2,
      "code": "HAN",
      "name": "Hà Nội",
      "contry": "Việt Nam",
      "airfield": "Sân bay Nội bài"
    },
    {
      "id": 3,
      "code": "HAN",
      "name": "Hà Nội",
      "contry": "Việt Nam",
      "airfield": "Sân bay Nội bài"
    },
    {
      "id": 4,
      "code": "HAN",
      "name": "Hà Nội",
      "contry": "Việt Nam",
      "airfield": "Sân bay Nội bài"
    },
    {
      "id": 5,
      "code": "HAN",
      "name": "Hà Nội",
      "contry": "Việt Nam",
      "airfield": "Sân bay Nội bài"
    },
    {
      "id": 5,
      "code": "HAN",
      "name": "Hà Nội",
      "contry": "Việt Nam",
      "airfield": "Sân bay Nội bài"
    },
    {
      "code": "wef",
      "name": "wfewfe",
      "name_contry": "cuban",
      "name_img": null,
      "id": 6
    }
  ],
  "locations": [
    {
      "code": "HCM",
      "name": "TP HCM",
      "name_contry": "american",
      "name_img": "BG_VIOLET_4K.jpg",
      "id": 1
    },
    {
      "code": "HN",
      "name": "Hà nội",
      "name_contry": "vietnamese",
      "name_img": "BG_VIOLET_4K.jpg",
      "id": 2
    }
  ],
  "type_chair": [
    {
      "id": 0,
      "name": "Phổ Thông",
      "price": 0,
      "hand_luggage": 7
    },
    {
      "id": 1,
      "name": "Thương Gia",
      "price": 140000,
      "hand_luggage": 10
    },
    {
      "id": 2,
      "name": "Hạng Nhất",
      "price": 200000,
      "hand_luggage": 15
    }
  ],
  "user": [
    {
      "id": 0,
      "fullname": "",
      "password": "",
      "phone": "",
      "email": "",
      "assToken": "iejfiejwifjiewhfuoh23u48047ewfojkoewf9oew"
    },
    {
      "fullname": "Nguyenminhkhoi",
      "phone": "0329162803",
      "email": "minhkhoi@gmail.com",
      "pass": "Minhkhoi@188",
      "id": 1,
      "assToken": "iejfiejwifjiewhfuoh23u48047ewfojkoewf9oew"
    }
  ],
  "tick": [
    {
      "id": 0,
      "price": 1000000,
      "id_trademark": 1,
      "id_from": 0,
      "id_to": 1,
      "id_chair": [
        0,
        1
      ],
      "date_from": "1:21:34 2023-09-21",
      "date_to": "3:21:34 2023-09-21",
      "luggage": 32
    },
    {
      "id": 1,
      "price": 200000,
      "id_trademark": 2,
      "id_from": 1,
      "id_to": 0,
      "id_chair": [
        0,
        1
      ],
      "date_from": "1:21:34 2023-10-21",
      "date_to": "3:21:34 2023-10-21",
      "luggage": 32
    },
    {
      "id": 2,
      "price": 500000,
      "id_trademark": 3,
      "id_from": 0,
      "id_to": 1,
      "id_chair": [
        0,
        1
      ],
      "date_from": "1:21:34 2023-11-21",
      "date_to": "3:21:34 2023-11-21",
      "luggage": 32
    },
    {
      "id": 3,
      "price": 60000000,
      "id_trademark": 3,
      "id_from": 0,
      "id_to": 1,
      "id_chair": [
        0,
        1,
        2
      ],
      "date_from": "1:21:34 2023-11-21",
      "date_to": "3:21:34 2023-11-21",
      "luggage": 32
    }
  ],
  "trademark": [
    {
      "id": 0,
      "trademark": "VietJet",
      "img_trademark": "abc.jsp"
    },
    {
      "id": 1,
      "trademark": "Vietnam Airlines",
      "img_trademark": "abc.jsp"
    },
    {
      "id": 2,
      "trademark": "Bamboo Airways",
      "img_trademark": "abc.jsp"
    },
    {
      "id": 3,
      "trademark": "Scoot",
      "img_trademark": "abc.jsp"
    }
  ],
  "trademarks": [
    {
      "name": "VietJet",
      "img": "BG_VIOLET_4K.jpg",
      "id": 2
    }
  ],
  "chosechair": [
    {
      "id": 0,
      "stt": "1a",
      "status": 1,
      "idtypechair": 0,
      "make": 0
    },
    {
      "id": 1,
      "stt": "1b",
      "status": 1,
      "idtypechair": 0,
      "make": 0
    },
    {
      "id": 2,
      "stt": "1c",
      "status": 0,
      "idtypechair": 0,
      "make": 0
    },
    {
      "id": 3,
      "stt": "2a",
      "status": 0,
      "idtypechair": 0,
      "make": 0
    },
    {
      "id": 4,
      "stt": "2b",
      "status": 0,
      "idtypechair": 0,
      "make": 0
    },
    {
      "id": 5,
      "stt": "2c",
      "status": 0,
      "idtypechair": 0,
      "make": 0
    },
    {
      "id": 6,
      "stt": "3a",
      "status": 0,
      "idtypechair": 0,
      "make": 0
    },
    {
      "id": 7,
      "stt": "3b",
      "status": 0,
      "idtypechair": 0,
      "make": 0
    },
    {
      "id": 8,
      "stt": "3c",
      "status": 0,
      "idtypechair": 0,
      "make": 0
    },
    {
      "id": 9,
      "stt": "1a",
      "status": 0,
      "idtypechair": 0,
      "make": 1
    },
    {
      "id": 10,
      "stt": "1b",
      "status": 0,
      "idtypechair": 0,
      "make": 1
    },
    {
      "id": 11,
      "stt": "1c",
      "status": 0,
      "idtypechair": 0,
      "make": 1
    },
    {
      "id": 12,
      "stt": "2a",
      "status": 0,
      "idtypechair": 0,
      "make": 1
    },
    {
      "id": 13,
      "stt": "2b",
      "status": 0,
      "idtypechair": 0,
      "make": 1
    },
    {
      "id": 14,
      "stt": "2c",
      "status": 0,
      "idtypechair": 0,
      "make": 1
    },
    {
      "id": 15,
      "stt": "3a",
      "status": 0,
      "idtypechair": 0,
      "make": 1
    },
    {
      "id": 16,
      "stt": "3b",
      "status": 0,
      "idtypechair": 0,
      "make": 1
    },
    {
      "id": 17,
      "stt": "3c",
      "status": 0,
      "idtypechair": 0,
      "make": 1
    },
    {
      "id": 18,
      "stt": "1a",
      "status": 0,
      "idtypechair": 1,
      "make": 0
    },
    {
      "id": 19,
      "stt": "1b",
      "status": 0,
      "idtypechair": 1,
      "make": 0
    },
    {
      "id": 20,
      "stt": "1c",
      "status": 0,
      "idtypechair": 1,
      "make": 0
    },
    {
      "id": 21,
      "stt": "2a",
      "status": 1,
      "idtypechair": 1,
      "make": 0
    },
    {
      "id": 22,
      "stt": "2b",
      "status": 0,
      "idtypechair": 1,
      "make": 0
    },
    {
      "id": 23,
      "stt": "2c",
      "status": 0,
      "idtypechair": 1,
      "make": 0
    },
    {
      "id": 24,
      "stt": "3a",
      "status": 0,
      "idtypechair": 1,
      "make": 0
    },
    {
      "id": 25,
      "stt": "3b",
      "status": 0,
      "idtypechair": 1,
      "make": 0
    },
    {
      "id": 26,
      "stt": "3c",
      "status": 0,
      "idtypechair": 1,
      "make": 0
    },
    {
      "id": 27,
      "stt": "1a",
      "status": 0,
      "idtypechair": 1,
      "make": 1
    },
    {
      "id": 28,
      "stt": "1b",
      "status": 0,
      "idtypechair": 1,
      "make": 1
    },
    {
      "id": 29,
      "stt": "1c",
      "status": 0,
      "idtypechair": 1,
      "make": 1
    },
    {
      "id": 30,
      "stt": "2a",
      "status": 0,
      "idtypechair": 1,
      "make": 1
    },
    {
      "id": 31,
      "stt": "2b",
      "status": 0,
      "idtypechair": 1,
      "make": 1
    },
    {
      "id": 32,
      "stt": "2c",
      "status": 0,
      "idtypechair": 1,
      "make": 1
    },
    {
      "id": 33,
      "stt": "3a",
      "status": 0,
      "idtypechair": 1,
      "make": 1
    },
    {
      "id": 34,
      "stt": "3b",
      "status": 0,
      "idtypechair": 1,
      "make": 1
    },
    {
      "id": 35,
      "stt": "3c",
      "status": 0,
      "idtypechair": 1,
      "make": 1
    },
    {
      "id": 36,
      "stt": "1a",
      "status": 0,
      "idtypechair": 2,
      "make": 0
    },
    {
      "id": 37,
      "stt": "1b",
      "status": 0,
      "idtypechair": 2,
      "make": 0
    },
    {
      "id": 38,
      "stt": "1c",
      "status": 0,
      "idtypechair": 2,
      "make": 0
    },
    {
      "id": 39,
      "stt": "2a",
      "status": 0,
      "idtypechair": 2,
      "make": 0
    },
    {
      "id": 40,
      "stt": "2b",
      "status": 0,
      "idtypechair": 2,
      "make": 0
    },
    {
      "id": 41,
      "stt": "2c",
      "status": 0,
      "idtypechair": 2,
      "make": 0
    },
    {
      "id": 42,
      "stt": "3a",
      "status": 0,
      "idtypechair": 2,
      "make": 0
    },
    {
      "id": 43,
      "stt": "3b",
      "status": 0,
      "idtypechair": 2,
      "make": 0
    },
    {
      "id": 44,
      "stt": "3c",
      "status": 0,
      "idtypechair": 2,
      "make": 0
    },
    {
      "id": 45,
      "stt": "1a",
      "status": 0,
      "idtypechair": 2,
      "make": 1
    },
    {
      "id": 46,
      "stt": "1b",
      "status": 0,
      "idtypechair": 2,
      "make": 1
    },
    {
      "id": 47,
      "stt": "1c",
      "status": 0,
      "idtypechair": 2,
      "make": 1
    },
    {
      "id": 48,
      "stt": "2a",
      "status": 0,
      "idtypechair": 2,
      "make": 1
    },
    {
      "id": 49,
      "stt": "2b",
      "status": 0,
      "idtypechair": 2,
      "make": 1
    },
    {
      "id": 50,
      "stt": "2c",
      "status": 0,
      "idtypechair": 2,
      "make": 1
    },
    {
      "id": 51,
      "stt": "3a",
      "status": 0,
      "idtypechair": 2,
      "make": 1
    },
    {
      "id": 52,
      "stt": "3b",
      "status": 0,
      "idtypechair": 2,
      "make": 1
    },
    {
      "id": 53,
      "stt": "3c",
      "status": 0,
      "idtypechair": 2,
      "make": 1
    }
  ]
}